Order_ID,Order_Date,Ship_Date,Customer_ID,Customer_Name,Segment,Region,State,Category,Sub_Category,Product_Name,Sales,Quantity,Discount,Profit,Profit_Margin%
ORD-10001,2023-10-17,2023-10-18,C-1520,Alice Johnson,Consumer,West,Oregon,Technology,Accessories,Keyboard,$80.82,2,0%,$24.44,30.2%
ORD-10002,2022-08-12,2022-08-14,C-3615,Grace Garcia,Home Office,West,Washington,Office Supplies,Appliances,Coffee Maker,$847.52,8,0%,$220.61,26.0%
ORD-10003,2022-10-12,2022-10-14,C-8527,Iris Johnson,Consumer,East,Virginia,Technology,Copiers,Canon Copier,"$2,127.82",6,10%,$528.16,24.8%
ORD-10004,2023-01-23,2023-01-24,C-2654,Grace Jones,Home Office,Central,Ohio,Technology,Phones,iPhone 13,"$2,156.20",4,0%,$509.23,23.6%
ORD-10005,2023-04-10,2023-04-16,C-3803,Iris Brown,Corporate,Central,Illinois,Furniture,Tables,Side Table,"$1,457.25",5,0%,$433.85,29.8%
ORD-10006,2022-06-17,2022-06-21,C-1525,Frank Martinez,Home Office,South,Tennessee,Office Supplies,Paper,Copy Paper,$132.78,6,0%,$52.15,39.3%
ORD-10007,2022-10-02,2022-10-03,C-9830,Eve Martinez,Consumer,East,Virginia,Office Supplies,Appliances,Microwave,$694.88,8,0%,$269.85,38.8%
ORD-10008,2023-08-21,2023-08-25,C-7916,Jack Johnson,Consumer,Central,Illinois,Office Supplies,Appliances,Coffee Maker,$117.56,1,0%,$34.46,29.3%
ORD-10009,2023-01-30,2023-02-03,C-8123,Carol Davis,Home Office,South,Tennessee,Technology,Phones,Pixel 6,"$4,089.31",9,15%,"$1,726.15",42.2%
ORD-10010,2022-01-04,2022-01-10,C-3646,Iris Smith,Home Office,Central,Illinois,Technology,Computers,HP Notebook,"$8,598.87",9,0%,"$3,065.68",35.7%
ORD-10011,2023-09-06,2023-09-09,C-8962,Bob Williams,Consumer,South,Georgia,Furniture,Bookcases,5-Shelf Bookcase,$115.01,1,0%,$49.29,42.9%
ORD-10012,2022-05-12,2022-05-18,C-7537,Frank Davis,Corporate,South,North Carolina,Office Supplies,Appliances,Coffee Maker,$966.49,9,5%,$262.66,27.2%
ORD-10013,2023-06-14,2023-06-18,C-1964,David Johnson,Consumer,West,Washington,Technology,Computers,Dell Laptop,"$8,876.51",10,5%,"$3,978.47",44.8%
ORD-10014,2022-02-02,2022-02-09,C-8744,David Davis,Home Office,Central,Texas,Technology,Computers,HP Notebook,"$6,435.60",8,0%,"$1,732.22",26.9%
ORD-10015,2023-02-21,2023-02-23,C-2612,Alice Martinez,Home Office,West,California,Furniture,Bookcases,3-Shelf Bookcase,$890.54,7,0%,$250.83,28.2%
ORD-10016,2022-12-14,2022-12-21,C-2235,Henry Johnson,Consumer,West,Washington,Technology,Copiers,Canon Copier,"$1,462.26",7,30%,$566.70,38.8%
ORD-10017,2022-02-21,2022-02-27,C-3697,Grace Smith,Consumer,West,California,Technology,Copiers,Xerox MX,"$1,937.79",8,20%,$434.82,22.4%
ORD-10018,2023-02-04,2023-02-07,C-9883,Alice Garcia,Corporate,South,Tennessee,Office Supplies,Appliances,Coffee Maker,$373.72,4,0%,$114.06,30.5%
ORD-10019,2022-02-28,2022-03-01,C-5033,Jack Smith,Consumer,South,North Carolina,Office Supplies,Binders,Heavy Duty Binder,$25.48,2,5%,$8.89,34.9%
ORD-10020,2023-09-27,2023-09-28,C-2188,Alice Davis,Corporate,South,Tennessee,Technology,Computers,Dell Laptop,"$3,932.51",5,10%,"$1,320.12",33.6%
ORD-10021,2023-09-29,2023-10-04,C-3584,Henry Jones,Home Office,West,California,Technology,Computers,Dell Laptop,"$6,038.75",6,5%,"$2,159.57",35.8%
ORD-10022,2023-09-19,2023-09-26,C-4450,Frank Brown,Home Office,West,Oregon,Technology,Accessories,Wireless Mouse,$87.52,2,0%,$33.43,38.2%
ORD-10023,2023-12-05,2023-12-11,C-3143,Eve Williams,Corporate,Central,Michigan,Technology,Phones,Pixel 6,"$3,853.08",7,0%,"$1,730.47",44.9%
ORD-10024,2023-03-29,2023-04-03,C-1685,Eve Garcia,Consumer,South,Georgia,Technology,Accessories,Keyboard,$42.89,1,0%,$14.69,34.3%
ORD-10025,2022-02-10,2022-02-13,C-4878,Carol Williams,Home Office,East,Pennsylvania,Technology,Computers,HP Notebook,"$7,664.93",7,0%,"$1,675.24",21.9%
ORD-10026,2023-02-27,2023-02-28,C-1634,Henry Brown,Corporate,East,Virginia,Office Supplies,Paper,Legal Pad,$65.04,3,0%,$23.05,35.4%
ORD-10027,2022-07-24,2022-07-31,C-5573,Frank Martinez,Corporate,South,Tennessee,Technology,Accessories,USB Hub,$129.71,4,10%,$30.34,23.4%
ORD-10028,2023-11-27,2023-12-04,C-6139,Grace Johnson,Consumer,Central,Texas,Furniture,Tables,Side Table,$867.20,5,20%,$315.30,36.4%
ORD-10029,2023-01-30,2023-02-04,C-2146,Frank Garcia,Consumer,East,Virginia,Office Supplies,Appliances,Coffee Maker,"$1,028.74",9,5%,$369.26,35.9%
ORD-10030,2023-11-11,2023-11-18,C-7211,Carol Jones,Home Office,West,Oregon,Furniture,Furnishings,Storage Cabinet,$733.18,7,0%,$294.77,40.2%
ORD-10031,2023-02-20,2023-02-25,C-4501,Iris Davis,Corporate,West,Oregon,Technology,Copiers,Brother Printer,"$2,563.96",10,30%,$870.60,34.0%
ORD-10032,2022-06-23,2022-06-29,C-3414,Alice Smith,Home Office,West,Oregon,Office Supplies,Storage,File Box,$240.92,4,5%,$59.83,24.8%
ORD-10033,2022-09-08,2022-09-12,C-1090,Bob Martinez,Corporate,West,Nevada,Office Supplies,Paper,Copy Paper,$128.34,7,5%,$53.02,41.3%
ORD-10034,2022-08-13,2022-08-15,C-8251,Jack Martinez,Home Office,South,Georgia,Technology,Phones,Samsung Galaxy S22,"$1,389.21",3,15%,$295.19,21.2%
ORD-10035,2023-07-16,2023-07-20,C-5499,Henry Johnson,Corporate,East,Florida,Furniture,Tables,Side Table,"$1,045.27",5,30%,$306.59,29.3%
ORD-10036,2022-10-20,2022-10-22,C-2052,Grace Martinez,Corporate,Central,Ohio,Office Supplies,Binders,Heavy Duty Binder,$34.35,3,0%,$9.39,27.3%
ORD-10037,2022-12-05,2022-12-10,C-7232,Henry Smith,Consumer,South,Alabama,Technology,Copiers,Xerox MX,"$4,082.30",10,0%,$962.68,23.6%
ORD-10038,2022-12-27,2022-12-30,C-6507,Grace Williams,Home Office,South,Alabama,Office Supplies,Paper,Legal Pad,$49.03,4,30%,$21.71,44.3%
ORD-10039,2023-04-24,2023-04-26,C-5262,Grace Garcia,Home Office,West,Nevada,Office Supplies,Binders,Heavy Duty Binder,$53.56,7,30%,$21.67,40.5%
ORD-10040,2022-08-05,2022-08-09,C-6733,David Johnson,Corporate,Central,Ohio,Furniture,Furnishings,Storage Cabinet,$191.10,2,0%,$38.22,20.0%
ORD-10041,2023-10-30,2023-10-31,C-4571,Henry Jones,Consumer,West,Washington,Technology,Accessories,USB Hub,$111.63,3,0%,$34.49,30.9%
ORD-10042,2023-01-13,2023-01-15,C-4249,Bob Brown,Corporate,West,Washington,Technology,Phones,Samsung Galaxy S22,"$4,157.28",10,20%,"$1,458.53",35.1%
ORD-10043,2022-04-15,2022-04-21,C-6590,Alice Martinez,Home Office,Central,Texas,Technology,Computers,HP Notebook,"$6,828.71",7,0%,"$2,209.15",32.4%
ORD-10044,2023-05-17,2023-05-18,C-9817,Henry Davis,Home Office,South,Tennessee,Furniture,Tables,Conference Table,$796.64,3,10%,$235.82,29.6%
ORD-10045,2023-03-23,2023-03-30,C-9098,Frank Williams,Consumer,Central,Ohio,Technology,Computers,MacBook Pro,"$3,230.59",4,20%,"$1,182.08",36.6%
ORD-10046,2023-05-15,2023-05-17,C-7658,Henry Brown,Corporate,Central,Ohio,Furniture,Bookcases,Corner Bookcase,$123.41,1,5%,$52.89,42.9%
ORD-10047,2023-12-09,2023-12-13,C-7046,Henry Garcia,Consumer,South,Alabama,Technology,Computers,Dell Laptop,"$6,218.79",7,10%,"$1,766.20",28.4%
ORD-10048,2023-03-12,2023-03-18,C-9779,Carol Brown,Home Office,Central,Ohio,Furniture,Bookcases,3-Shelf Bookcase,$543.64,5,5%,$201.75,37.1%
ORD-10049,2022-08-10,2022-08-16,C-1231,Iris Williams,Home Office,South,Tennessee,Office Supplies,Storage,File Box,$183.87,4,15%,$74.49,40.5%
ORD-10050,2022-10-08,2022-10-09,C-6582,Carol Smith,Home Office,West,Oregon,Technology,Copiers,Canon Copier,$248.27,1,30%,$82.01,33.0%
ORD-10051,2022-09-16,2022-09-23,C-5978,Bob Brown,Consumer,South,Georgia,Furniture,Furnishings,Lamp Set,"$1,019.90",10,0%,$420.27,41.2%
ORD-10052,2022-05-02,2022-05-07,C-1986,Jack Johnson,Home Office,South,North Carolina,Furniture,Furnishings,Storage Cabinet,$445.36,5,20%,$166.41,37.4%
ORD-10053,2022-08-01,2022-08-07,C-8381,Jack Davis,Home Office,East,Virginia,Technology,Accessories,USB Hub,$115.32,3,0%,$51.82,44.9%
ORD-10054,2022-10-26,2022-10-27,C-9922,David Williams,Home Office,East,Virginia,Furniture,Furnishings,Lamp Set,$432.90,4,5%,$148.79,34.4%
ORD-10055,2022-09-30,2022-10-07,C-5982,Grace Jones,Consumer,East,New York,Technology,Computers,HP Notebook,"$7,524.02",10,30%,"$3,151.90",41.9%
ORD-10056,2023-05-28,2023-06-02,C-1339,Eve Smith,Consumer,South,Alabama,Office Supplies,Binders,Presentation Binder,$80.76,6,0%,$34.50,42.7%
ORD-10057,2022-06-29,2022-07-03,C-6460,Frank Johnson,Consumer,South,Tennessee,Office Supplies,Appliances,Mini Fridge,$684.21,8,30%,$248.37,36.3%
ORD-10058,2022-06-14,2022-06-17,C-2899,Grace Smith,Corporate,South,Alabama,Office Supplies,Appliances,Mini Fridge,$85.16,1,15%,$32.95,38.7%
ORD-10059,2023-11-05,2023-11-12,C-9998,Carol Jones,Consumer,South,Alabama,Technology,Computers,HP Notebook,"$7,693.76",8,0%,"$3,070.66",39.9%
ORD-10060,2023-03-25,2023-03-31,C-2527,David Johnson,Consumer,South,Georgia,Office Supplies,Paper,Copy Paper,$53.46,3,0%,$16.68,31.2%
ORD-10061,2023-04-18,2023-04-19,C-3369,Grace Brown,Home Office,East,Florida,Furniture,Bookcases,3-Shelf Bookcase,"$1,177.47",8,5%,$395.40,33.6%
ORD-10062,2023-09-06,2023-09-11,C-9022,Carol Davis,Corporate,East,New York,Furniture,Bookcases,Corner Bookcase,$658.39,5,10%,$176.77,26.8%
ORD-10063,2023-07-06,2023-07-10,C-4826,Grace Smith,Home Office,Central,Ohio,Office Supplies,Appliances,Microwave,$672.20,6,5%,$206.40,30.7%
ORD-10064,2022-11-22,2022-11-28,C-8213,Bob Davis,Corporate,South,Alabama,Office Supplies,Paper,Legal Pad,$13.87,1,15%,$3.23,23.3%
ORD-10065,2022-01-16,2022-01-22,C-6383,Iris Martinez,Home Office,East,Florida,Technology,Phones,Samsung Galaxy S22,"$1,804.24",5,20%,$518.79,28.8%
ORD-10066,2022-11-21,2022-11-27,C-2612,Bob Davis,Home Office,South,Georgia,Technology,Accessories,Keyboard,$227.30,5,0%,$77.62,34.1%
ORD-10067,2022-06-20,2022-06-26,C-7751,Jack Williams,Consumer,Central,Texas,Furniture,Chairs,Executive Chair,"$1,100.16",6,0%,$427.91,38.9%
ORD-10068,2022-06-24,2022-06-26,C-8529,Eve Smith,Home Office,West,Nevada,Office Supplies,Paper,Legal Pad,$115.22,10,30%,$33.47,29.0%
ORD-10069,2023-04-22,2023-04-25,C-4263,Grace Davis,Corporate,East,New York,Furniture,Bookcases,Corner Bookcase,$682.47,7,30%,$162.89,23.9%
ORD-10070,2022-04-20,2022-04-22,C-9138,Eve Brown,Home Office,South,Tennessee,Furniture,Bookcases,5-Shelf Bookcase,$817.74,7,0%,$181.82,22.2%
ORD-10071,2023-09-14,2023-09-21,C-8222,Alice Garcia,Home Office,Central,Illinois,Technology,Computers,HP Notebook,"$2,888.40",3,0%,"$1,076.70",37.3%
ORD-10072,2022-05-15,2022-05-16,C-5465,Carol Jones,Home Office,Central,Ohio,Furniture,Tables,Standing Desk,$767.50,3,15%,$243.52,31.7%
ORD-10073,2023-05-09,2023-05-16,C-6992,Bob Martinez,Consumer,Central,Ohio,Furniture,Chairs,Mesh Chair,$712.54,4,20%,$148.34,20.8%
ORD-10074,2022-01-15,2022-01-18,C-4830,Henry Smith,Corporate,West,Nevada,Office Supplies,Storage,Filing Cabinet,$399.24,7,15%,$168.84,42.3%
ORD-10075,2023-09-27,2023-10-02,C-1609,Eve Davis,Home Office,Central,Illinois,Technology,Copiers,Brother Printer,"$1,827.45",5,0%,$758.49,41.5%
ORD-10076,2022-04-29,2022-04-30,C-2622,Henry Martinez,Corporate,East,Pennsylvania,Furniture,Bookcases,Corner Bookcase,"$1,121.67",9,0%,$256.47,22.9%
ORD-10077,2022-10-14,2022-10-15,C-6876,Alice Martinez,Corporate,Central,Illinois,Furniture,Tables,Conference Table,$548.85,2,15%,$172.27,31.4%
ORD-10078,2022-10-10,2022-10-12,C-4990,Carol Brown,Consumer,West,Nevada,Office Supplies,Paper,Copy Paper,$231.70,10,0%,$58.69,25.3%
ORD-10079,2022-03-12,2022-03-19,C-9850,Eve Williams,Consumer,East,Pennsylvania,Furniture,Tables,Side Table,$243.69,1,0%,$49.50,20.3%
ORD-10080,2022-04-23,2022-04-29,C-7897,Iris Johnson,Consumer,West,Washington,Furniture,Tables,Side Table,"$1,157.11",6,10%,$505.54,43.7%
ORD-10081,2022-03-07,2022-03-11,C-9543,Eve Davis,Home Office,South,Tennessee,Office Supplies,Binders,Presentation Binder,$102.60,9,0%,$27.52,26.8%
ORD-10082,2023-10-21,2023-10-22,C-3430,Bob Williams,Corporate,West,Nevada,Furniture,Chairs,Executive Chair,"$1,271.60",8,0%,$469.82,36.9%
ORD-10083,2022-10-09,2022-10-14,C-2874,Iris Brown,Home Office,Central,Michigan,Office Supplies,Storage,Storage Bin,$555.57,9,0%,$139.85,25.2%
ORD-10084,2023-03-17,2023-03-21,C-7132,Carol Davis,Corporate,East,Florida,Furniture,Furnishings,Storage Cabinet,$151.57,2,15%,$43.00,28.4%
ORD-10085,2022-03-10,2022-03-11,C-7730,Frank Martinez,Corporate,West,California,Technology,Computers,Dell Laptop,"$5,702.62",9,15%,"$1,610.97",28.2%
ORD-10086,2022-02-22,2022-02-25,C-7022,Bob Jones,Consumer,Central,Ohio,Office Supplies,Paper,A4 Ream,$136.96,8,0%,$49.64,36.2%
ORD-10087,2023-08-11,2023-08-13,C-6751,Alice Williams,Home Office,South,Georgia,Office Supplies,Storage,File Box,$144.48,3,10%,$31.73,22.0%
ORD-10088,2022-05-27,2022-06-01,C-3578,Frank Jones,Consumer,South,Georgia,Office Supplies,Binders,Heavy Duty Binder,$81.79,9,20%,$27.53,33.7%
ORD-10089,2022-11-29,2022-12-06,C-8242,Grace Jones,Consumer,West,California,Technology,Phones,Pixel 6,$700.16,2,20%,$230.06,32.9%
ORD-10090,2022-08-09,2022-08-16,C-7475,Jack Smith,Corporate,West,Oregon,Technology,Computers,HP Notebook,"$8,177.76",10,10%,"$3,587.14",43.9%
ORD-10091,2022-01-08,2022-01-10,C-7229,Iris Brown,Consumer,Central,Illinois,Furniture,Bookcases,3-Shelf Bookcase,$163.87,2,20%,$66.54,40.6%
ORD-10092,2023-05-28,2023-06-02,C-8033,Jack Martinez,Corporate,Central,Texas,Office Supplies,Binders,Presentation Binder,$12.68,1,0%,$2.97,23.4%
ORD-10093,2023-12-28,2024-01-03,C-6928,Bob Martinez,Consumer,South,Tennessee,Furniture,Chairs,Executive Chair,$457.61,3,30%,$110.74,24.2%
ORD-10094,2022-04-19,2022-04-21,C-2868,Iris Brown,Home Office,South,Alabama,Technology,Copiers,Xerox MX,"$1,823.46",6,0%,$785.74,43.1%
ORD-10095,2022-12-24,2022-12-27,C-9095,Henry Davis,Consumer,East,Pennsylvania,Technology,Computers,Dell Laptop,"$2,858.76",3,0%,"$1,159.84",40.6%
ORD-10096,2023-11-29,2023-12-04,C-6766,Iris Johnson,Consumer,Central,Ohio,Furniture,Chairs,Executive Chair,"$1,469.81",8,10%,$444.10,30.2%
ORD-10097,2022-11-14,2022-11-18,C-1672,Henry Brown,Consumer,South,Georgia,Furniture,Bookcases,5-Shelf Bookcase,$216.34,2,20%,$72.33,33.4%
ORD-10098,2022-11-26,2022-12-01,C-8172,Henry Williams,Consumer,South,North Carolina,Furniture,Chairs,Executive Chair,$387.74,2,0%,$170.69,44.0%
ORD-10099,2023-01-08,2023-01-11,C-7333,Eve Jones,Corporate,Central,Michigan,Furniture,Chairs,Folding Chair,$950.04,6,0%,$295.00,31.1%
ORD-10100,2023-11-04,2023-11-09,C-2388,Eve Martinez,Consumer,East,Virginia,Office Supplies,Paper,Legal Pad,$92.56,5,20%,$38.67,41.8%
ORD-10101,2023-10-21,2023-10-28,C-3953,David Garcia,Home Office,Central,Illinois,Office Supplies,Binders,Ring Binder,$90.65,7,0%,$32.58,35.9%
ORD-10102,2023-05-13,2023-05-15,C-3147,Jack Martinez,Consumer,East,Pennsylvania,Technology,Computers,Dell Laptop,"$9,156.24",9,0%,"$2,605.11",28.5%
ORD-10103,2022-06-07,2022-06-09,C-5668,Henry Brown,Home Office,East,Pennsylvania,Furniture,Chairs,Executive Chair,"$1,184.40",6,5%,$245.88,20.8%
ORD-10104,2023-07-01,2023-07-03,C-4271,Jack Williams,Consumer,Central,Michigan,Furniture,Furnishings,Storage Cabinet,$432.04,5,20%,$90.05,20.8%
ORD-10105,2022-09-14,2022-09-15,C-9410,Carol Martinez,Home Office,South,Tennessee,Technology,Phones,Samsung Galaxy S22,$966.65,2,10%,$326.41,33.8%
ORD-10106,2022-04-04,2022-04-06,C-7142,David Smith,Consumer,South,Tennessee,Furniture,Chairs,Executive Chair,"$1,319.69",9,20%,$265.74,20.1%
ORD-10107,2022-11-23,2022-11-24,C-1086,Bob Smith,Consumer,Central,Illinois,Technology,Computers,MacBook Pro,"$2,126.80",3,30%,$718.54,33.8%
ORD-10108,2022-09-20,2022-09-22,C-8489,Bob Johnson,Consumer,East,Florida,Furniture,Tables,Conference Table,$348.59,2,20%,$101.18,29.0%
ORD-10109,2023-05-27,2023-06-01,C-4068,Bob Garcia,Home Office,West,Washington,Technology,Computers,MacBook Pro,$909.78,1,5%,$279.61,30.7%
ORD-10110,2022-03-11,2022-03-16,C-6649,David Johnson,Corporate,West,Nevada,Technology,Copiers,Xerox MX,"$1,613.34",5,15%,$407.97,25.3%
ORD-10111,2023-08-19,2023-08-25,C-8840,Carol Williams,Consumer,Central,Illinois,Furniture,Bookcases,Corner Bookcase,$308.36,3,30%,$63.15,20.5%
ORD-10112,2022-03-06,2022-03-12,C-9897,Henry Jones,Corporate,South,Georgia,Technology,Phones,iPhone 13,$401.77,1,10%,$129.03,32.1%
ORD-10113,2022-02-07,2022-02-14,C-8204,Grace Garcia,Corporate,East,Virginia,Technology,Computers,MacBook Pro,"$1,645.20",2,20%,$374.49,22.8%
ORD-10114,2022-07-11,2022-07-15,C-6262,Bob Johnson,Home Office,South,Tennessee,Furniture,Chairs,Folding Chair,"$1,115.73",7,0%,$349.93,31.4%
ORD-10115,2022-12-02,2022-12-08,C-6776,Jack Martinez,Corporate,Central,Ohio,Office Supplies,Appliances,Coffee Maker,$766.24,8,0%,$205.58,26.8%
ORD-10116,2022-10-09,2022-10-15,C-3339,Jack Davis,Home Office,West,California,Office Supplies,Appliances,Microwave,"$1,035.00",9,0%,$219.22,21.2%
ORD-10117,2022-02-05,2022-02-07,C-7077,Frank Davis,Home Office,West,Washington,Furniture,Bookcases,3-Shelf Bookcase,"$1,037.50",10,0%,$290.74,28.0%
ORD-10118,2022-03-20,2022-03-25,C-7340,Iris Johnson,Corporate,East,Virginia,Furniture,Bookcases,5-Shelf Bookcase,$206.80,2,0%,$67.26,32.5%
ORD-10119,2022-09-26,2022-10-03,C-8406,Carol Davis,Consumer,Central,Michigan,Office Supplies,Storage,Filing Cabinet,$413.60,8,0%,$97.94,23.7%
ORD-10120,2022-03-31,2022-04-07,C-9335,David Johnson,Home Office,Central,Ohio,Technology,Computers,MacBook Pro,"$2,984.31",3,0%,$750.78,25.2%
ORD-10121,2022-07-25,2022-08-01,C-2412,Bob Jones,Corporate,East,Pennsylvania,Technology,Computers,HP Notebook,"$8,636.10",10,0%,"$2,565.03",29.7%
ORD-10122,2023-02-12,2023-02-18,C-9476,Frank Williams,Corporate,South,Alabama,Office Supplies,Binders,Heavy Duty Binder,$57.41,6,30%,$19.15,33.4%
ORD-10123,2023-07-19,2023-07-25,C-4694,Frank Jones,Corporate,East,Pennsylvania,Office Supplies,Binders,Heavy Duty Binder,$99.27,9,0%,$40.65,40.9%
ORD-10124,2022-03-22,2022-03-25,C-3526,Carol Garcia,Consumer,East,Virginia,Office Supplies,Storage,Filing Cabinet,$441.54,9,0%,$133.37,30.2%
ORD-10125,2023-08-01,2023-08-02,C-1496,Henry Jones,Consumer,West,California,Office Supplies,Storage,Filing Cabinet,$210.34,4,20%,$62.15,29.5%
ORD-10126,2023-10-20,2023-10-23,C-8933,Henry Brown,Home Office,South,North Carolina,Furniture,Bookcases,3-Shelf Bookcase,$278.38,2,0%,$94.68,34.0%
ORD-10127,2022-12-15,2022-12-20,C-8642,Bob Jones,Home Office,East,Virginia,Furniture,Bookcases,3-Shelf Bookcase,$429.24,3,0%,$158.91,37.0%
ORD-10128,2023-04-06,2023-04-08,C-6123,David Williams,Consumer,East,New York,Furniture,Furnishings,Whiteboard,$605.85,7,0%,$149.42,24.7%
ORD-10129,2023-05-26,2023-05-31,C-6781,Alice Smith,Corporate,South,Alabama,Furniture,Chairs,Mesh Chair,"$1,289.70",7,5%,$511.00,39.6%
ORD-10130,2022-10-16,2022-10-20,C-6995,Alice Martinez,Home Office,South,Tennessee,Technology,Phones,Samsung Galaxy S22,"$1,431.06",3,15%,$370.70,25.9%
ORD-10131,2022-02-22,2022-02-27,C-2946,Carol Johnson,Home Office,East,Virginia,Furniture,Chairs,Executive Chair,"$1,534.79",9,10%,$373.99,24.4%
ORD-10132,2023-02-08,2023-02-11,C-8761,Iris Davis,Consumer,Central,Ohio,Technology,Copiers,Brother Printer,$278.52,1,0%,$75.65,27.2%
ORD-10133,2022-06-02,2022-06-07,C-9311,Iris Davis,Home Office,East,Virginia,Furniture,Tables,Conference Table,"$2,661.03",10,10%,$802.48,30.2%
ORD-10134,2023-12-27,2024-01-01,C-1436,Jack Davis,Consumer,Central,Michigan,Furniture,Bookcases,Corner Bookcase,$278.84,2,10%,$69.94,25.1%
ORD-10135,2022-09-29,2022-10-05,C-4968,Alice Johnson,Home Office,East,New York,Furniture,Tables,Side Table,"$2,397.12",10,20%,$990.14,41.3%
ORD-10136,2022-07-15,2022-07-16,C-2020,Carol Brown,Corporate,South,Tennessee,Technology,Copiers,Brother Printer,$927.05,4,30%,$214.89,23.2%
ORD-10137,2023-07-29,2023-08-01,C-4150,David Jones,Corporate,South,Alabama,Technology,Copiers,Brother Printer,"$1,893.56",6,10%,$563.30,29.7%
ORD-10138,2023-07-26,2023-07-29,C-5480,Eve Johnson,Corporate,East,Virginia,Office Supplies,Paper,Copy Paper,$121.52,8,15%,$37.66,31.0%
ORD-10139,2023-08-11,2023-08-17,C-8247,Eve Davis,Corporate,South,Alabama,Technology,Computers,Dell Laptop,"$5,439.55",5,0%,"$1,976.78",36.3%
ORD-10140,2022-08-08,2022-08-10,C-1860,Bob Martinez,Consumer,Central,Ohio,Technology,Accessories,USB Hub,$38.28,1,5%,$11.12,29.0%
ORD-10141,2022-12-05,2022-12-11,C-4267,Eve Garcia,Home Office,South,Georgia,Technology,Phones,Pixel 6,$976.29,3,30%,$322.80,33.1%
ORD-10142,2022-10-20,2022-10-26,C-3880,Alice Martinez,Home Office,West,California,Office Supplies,Paper,Copy Paper,$22.70,1,0%,$7.84,34.5%
ORD-10143,2023-05-23,2023-05-25,C-3198,Iris Davis,Consumer,Central,Texas,Furniture,Chairs,Executive Chair,$664.30,5,30%,$151.25,22.8%
ORD-10144,2022-10-07,2022-10-09,C-5833,Jack Brown,Consumer,West,Oregon,Office Supplies,Appliances,Mini Fridge,$557.35,5,0%,$148.17,26.6%
ORD-10145,2022-06-29,2022-07-04,C-5064,Alice Jones,Home Office,South,Alabama,Furniture,Chairs,Executive Chair,$335.94,2,0%,$111.07,33.1%
ORD-10146,2023-01-28,2023-01-30,C-8625,Eve Williams,Corporate,South,Tennessee,Furniture,Chairs,Executive Chair,"$1,254.66",6,0%,$355.14,28.3%
ORD-10147,2023-02-20,2023-02-26,C-8454,Jack Garcia,Home Office,Central,Texas,Furniture,Bookcases,Corner Bookcase,$455.32,4,0%,$150.46,33.0%
ORD-10148,2023-03-02,2023-03-08,C-2838,Alice Brown,Consumer,South,North Carolina,Office Supplies,Binders,Ring Binder,$88.74,8,15%,$38.20,43.0%
ORD-10149,2023-08-10,2023-08-15,C-9361,Henry Smith,Corporate,East,Pennsylvania,Office Supplies,Appliances,Coffee Maker,$311.92,4,30%,$133.27,42.7%
ORD-10150,2023-04-10,2023-04-12,C-1049,David Johnson,Home Office,South,Alabama,Technology,Copiers,Brother Printer,"$1,504.60",5,20%,$581.36,38.6%
ORD-10151,2022-02-16,2022-02-20,C-7887,Frank Martinez,Home Office,Central,Texas,Technology,Phones,Samsung Galaxy S22,$440.64,1,0%,$113.58,25.8%
ORD-10152,2023-04-05,2023-04-12,C-4648,Alice Smith,Consumer,South,Alabama,Office Supplies,Paper,Copy Paper,$78.05,6,20%,$24.80,31.8%
ORD-10153,2022-11-02,2022-11-06,C-7868,Jack Smith,Consumer,South,Alabama,Technology,Copiers,Xerox MX,$935.07,3,0%,$413.25,44.2%
ORD-10154,2022-09-04,2022-09-06,C-4839,Iris Brown,Home Office,West,California,Technology,Copiers,Brother Printer,$307.24,1,0%,$107.36,34.9%
ORD-10155,2022-02-27,2022-03-01,C-3347,Iris Brown,Home Office,Central,Illinois,Office Supplies,Storage,Filing Cabinet,$559.89,10,15%,$218.79,39.1%
ORD-10156,2023-02-28,2023-03-03,C-7244,Iris Garcia,Home Office,Central,Texas,Office Supplies,Paper,Copy Paper,$138.60,7,0%,$28.68,20.7%
ORD-10157,2023-12-15,2023-12-19,C-3365,Henry Smith,Corporate,South,North Carolina,Furniture,Tables,Side Table,"$1,821.04",8,5%,$682.55,37.5%
ORD-10158,2023-07-30,2023-08-03,C-2514,Iris Brown,Corporate,South,North Carolina,Technology,Computers,Dell Laptop,"$4,073.41",6,30%,$970.35,23.8%
ORD-10159,2022-02-22,2022-02-25,C-1251,David Brown,Consumer,South,Georgia,Technology,Accessories,Wireless Mouse,$147.70,4,15%,$55.27,37.4%
ORD-10160,2022-05-01,2022-05-07,C-9743,Frank Jones,Home Office,South,North Carolina,Office Supplies,Paper,Legal Pad,$71.17,4,10%,$25.25,35.5%
ORD-10161,2022-09-25,2022-09-28,C-4625,Carol Smith,Consumer,South,Alabama,Office Supplies,Appliances,Microwave,$309.12,4,20%,$135.57,43.9%
ORD-10162,2022-09-25,2022-09-30,C-6530,Eve Davis,Consumer,South,Tennessee,Technology,Computers,Dell Laptop,"$6,253.93",7,5%,"$2,033.62",32.5%
ORD-10163,2023-10-20,2023-10-26,C-9882,Alice Smith,Consumer,South,Alabama,Office Supplies,Storage,File Box,$135.62,3,30%,$54.79,40.4%
ORD-10164,2022-03-18,2022-03-25,C-8916,Henry Smith,Corporate,West,California,Technology,Accessories,USB Hub,$62.77,3,30%,$22.39,35.7%
ORD-10165,2022-01-07,2022-01-12,C-3937,Bob Johnson,Consumer,South,Georgia,Office Supplies,Storage,Filing Cabinet,$188.68,5,20%,$46.88,24.8%
ORD-10166,2023-06-21,2023-06-23,C-7652,Henry Brown,Home Office,East,Pennsylvania,Office Supplies,Storage,Storage Bin,$332.10,5,0%,$118.47,35.7%
ORD-10167,2023-12-15,2023-12-17,C-1154,Carol Johnson,Home Office,Central,Texas,Office Supplies,Binders,Heavy Duty Binder,$60.02,7,30%,$26.17,43.6%
ORD-10168,2023-05-27,2023-06-03,C-2218,Eve Smith,Home Office,South,Tennessee,Technology,Phones,iPhone 13,"$1,582.03",4,30%,$604.69,38.2%
ORD-10169,2022-07-03,2022-07-10,C-4939,Jack Martinez,Consumer,Central,Texas,Office Supplies,Paper,Copy Paper,$143.77,7,10%,$58.86,40.9%
ORD-10170,2023-11-25,2023-11-30,C-2245,Frank Martinez,Home Office,Central,Michigan,Technology,Phones,Pixel 6,"$1,888.18",6,20%,$740.10,39.2%
ORD-10171,2022-12-01,2022-12-02,C-5839,David Johnson,Corporate,Central,Michigan,Technology,Computers,HP Notebook,"$4,971.01",7,20%,"$2,130.46",42.9%
ORD-10172,2022-03-26,2022-03-29,C-6050,Henry Garcia,Home Office,East,Florida,Office Supplies,Paper,Copy Paper,$125.09,7,0%,$53.43,42.7%
ORD-10173,2022-10-04,2022-10-05,C-6798,Iris Johnson,Consumer,East,New York,Furniture,Furnishings,Whiteboard,$875.25,9,0%,$388.12,44.3%
ORD-10174,2023-09-04,2023-09-09,C-3778,Grace Williams,Consumer,Central,Michigan,Furniture,Furnishings,Storage Cabinet,$201.13,2,5%,$61.75,30.7%
ORD-10175,2022-05-23,2022-05-26,C-2260,Frank Jones,Corporate,Central,Ohio,Technology,Phones,iPhone 13,"$2,761.79",7,10%,$908.47,32.9%
ORD-10176,2022-09-10,2022-09-16,C-7224,Frank Davis,Corporate,South,North Carolina,Technology,Accessories,Wireless Mouse,$37.99,1,15%,$9.10,24.0%
ORD-10177,2022-12-09,2022-12-13,C-5775,Henry Brown,Corporate,East,Virginia,Office Supplies,Paper,Legal Pad,$80.35,6,20%,$16.70,20.8%
ORD-10178,2022-11-30,2022-12-04,C-8563,David Davis,Corporate,Central,Michigan,Technology,Accessories,Keyboard,$293.22,9,0%,$62.09,21.2%
ORD-10179,2022-10-26,2022-11-02,C-7176,Bob Davis,Home Office,West,Nevada,Furniture,Tables,Side Table,"$1,198.65",5,0%,$325.06,27.1%
ORD-10180,2023-09-05,2023-09-09,C-5067,Frank Williams,Home Office,South,Alabama,Technology,Computers,HP Notebook,"$8,546.76",9,0%,"$3,612.35",42.3%
ORD-10181,2023-10-25,2023-10-30,C-7408,Henry Williams,Corporate,West,Nevada,Furniture,Chairs,Mesh Chair,$330.52,2,5%,$111.90,33.9%
ORD-10182,2022-12-20,2022-12-21,C-4389,Iris Davis,Corporate,South,Georgia,Furniture,Chairs,Mesh Chair,$462.09,3,15%,$155.34,33.6%
ORD-10183,2022-12-23,2022-12-27,C-6620,Bob Williams,Home Office,West,Nevada,Office Supplies,Appliances,Microwave,$187.18,2,0%,$83.17,44.4%
ORD-10184,2022-09-07,2022-09-12,C-8080,Grace Smith,Corporate,East,Pennsylvania,Office Supplies,Appliances,Microwave,$459.40,4,0%,$185.32,40.3%
ORD-10185,2023-09-21,2023-09-23,C-9796,Carol Garcia,Corporate,South,Alabama,Technology,Accessories,USB Hub,$208.00,5,0%,$63.58,30.6%
ORD-10186,2022-11-30,2022-12-02,C-6700,Frank Davis,Corporate,South,Georgia,Office Supplies,Appliances,Mini Fridge,$510.10,6,20%,$154.69,30.3%
ORD-10187,2023-09-25,2023-09-27,C-3316,Iris Martinez,Home Office,Central,Texas,Technology,Computers,Dell Laptop,"$3,357.24",4,0%,"$1,197.44",35.7%
ORD-10188,2023-03-05,2023-03-10,C-9022,Eve Williams,Corporate,East,Florida,Technology,Copiers,Brother Printer,"$3,346.65",9,0%,"$1,041.72",31.1%
ORD-10189,2022-07-11,2022-07-14,C-9056,Grace Davis,Corporate,South,Georgia,Technology,Copiers,Canon Copier,"$1,090.29",4,30%,$379.11,34.8%
ORD-10190,2023-05-16,2023-05-18,C-9115,Iris Johnson,Consumer,West,California,Furniture,Chairs,Executive Chair,$786.20,4,0%,$200.34,25.5%
ORD-10191,2023-08-10,2023-08-11,C-5055,Eve Smith,Home Office,Central,Ohio,Technology,Copiers,Brother Printer,"$1,658.12",4,0%,$441.06,26.6%
ORD-10192,2023-04-06,2023-04-09,C-3281,David Brown,Corporate,Central,Texas,Technology,Accessories,USB Hub,$324.80,10,20%,$132.68,40.8%
ORD-10193,2022-03-02,2022-03-07,C-9428,Bob Williams,Home Office,Central,Ohio,Office Supplies,Paper,Legal Pad,$79.38,5,10%,$16.82,21.2%
ORD-10194,2023-02-26,2023-02-27,C-5402,Grace Martinez,Home Office,Central,Illinois,Technology,Accessories,USB Hub,$205.44,6,20%,$67.31,32.8%
ORD-10195,2023-04-08,2023-04-09,C-1040,Bob Davis,Home Office,West,Nevada,Office Supplies,Storage,Filing Cabinet,$243.60,6,30%,$89.69,36.8%
ORD-10196,2023-10-13,2023-10-19,C-6533,Iris Williams,Home Office,Central,Texas,Furniture,Tables,Conference Table,$911.74,4,15%,$221.47,24.3%
ORD-10197,2023-08-03,2023-08-10,C-1011,Grace Brown,Home Office,South,Tennessee,Technology,Phones,iPhone 13,"$3,086.40",8,0%,"$1,048.38",34.0%
ORD-10198,2023-12-07,2023-12-09,C-6005,David Martinez,Corporate,Central,Illinois,Technology,Computers,MacBook Pro,"$1,729.46",2,0%,$755.87,43.7%
ORD-10199,2023-11-03,2023-11-04,C-6629,Bob Martinez,Consumer,West,California,Furniture,Chairs,Mesh Chair,"$1,199.24",10,30%,$536.87,44.8%
ORD-10200,2023-12-12,2023-12-14,C-3246,Grace Williams,Consumer,South,Georgia,Furniture,Chairs,Folding Chair,$274.31,2,15%,$63.02,23.0%
ORD-10201,2023-10-19,2023-10-25,C-3480,Grace Davis,Home Office,East,New York,Office Supplies,Binders,Ring Binder,$35.85,3,5%,$10.50,29.3%
ORD-10202,2022-08-11,2022-08-12,C-2380,David Jones,Consumer,West,Washington,Office Supplies,Appliances,Microwave,$659.40,7,0%,$255.88,38.8%
ORD-10203,2023-12-09,2023-12-10,C-4921,Henry Martinez,Home Office,Central,Illinois,Office Supplies,Paper,Copy Paper,$123.83,7,0%,$31.46,25.4%
ORD-10204,2022-04-26,2022-04-28,C-3830,Henry Johnson,Home Office,South,Georgia,Technology,Computers,MacBook Pro,"$2,089.13",3,20%,$749.26,35.9%
ORD-10205,2022-01-18,2022-01-23,C-7590,Bob Williams,Corporate,West,California,Technology,Phones,iPhone 13,"$2,716.50",7,20%,$934.76,34.4%
ORD-10206,2022-10-12,2022-10-13,C-8167,David Smith,Home Office,Central,Texas,Technology,Accessories,Keyboard,$215.40,6,0%,$80.23,37.2%
ORD-10207,2022-09-08,2022-09-09,C-3684,Henry Garcia,Corporate,South,Georgia,Office Supplies,Binders,Presentation Binder,$32.52,3,0%,$8.93,27.5%
ORD-10208,2023-06-20,2023-06-25,C-8034,Eve Johnson,Corporate,Central,Illinois,Technology,Computers,HP Notebook,"$2,035.14",2,0%,$745.36,36.6%
ORD-10209,2022-09-27,2022-10-03,C-5179,Bob Johnson,Corporate,West,Nevada,Office Supplies,Storage,File Box,$544.16,8,0%,$194.85,35.8%
ORD-10210,2022-08-22,2022-08-28,C-1579,Iris Martinez,Consumer,West,California,Technology,Phones,Samsung Galaxy S22,"$2,760.30",6,0%,"$1,118.64",40.5%
ORD-10211,2022-08-18,2022-08-21,C-9450,Alice Martinez,Home Office,East,Florida,Furniture,Bookcases,5-Shelf Bookcase,"$1,221.30",10,0%,$494.83,40.5%
ORD-10212,2022-03-12,2022-03-16,C-4974,Henry Garcia,Corporate,Central,Ohio,Technology,Copiers,Canon Copier,"$1,624.86",6,10%,$430.76,26.5%
ORD-10213,2023-08-29,2023-09-02,C-1023,Grace Jones,Consumer,East,Pennsylvania,Technology,Copiers,Canon Copier,"$1,399.92",4,0%,$297.14,21.2%
ORD-10214,2022-04-17,2022-04-19,C-9515,Grace Garcia,Corporate,East,Florida,Technology,Accessories,Keyboard,$148.29,5,5%,$33.47,22.6%
ORD-10215,2023-04-15,2023-04-21,C-3141,David Jones,Home Office,West,California,Technology,Copiers,Canon Copier,"$2,830.16",10,20%,$804.87,28.4%
ORD-10216,2022-09-25,2022-10-02,C-3230,Jack Johnson,Home Office,Central,Michigan,Office Supplies,Storage,Storage Bin,$427.84,8,0%,$91.61,21.4%
ORD-10217,2022-06-09,2022-06-10,C-8591,Eve Johnson,Corporate,East,Florida,Furniture,Furnishings,Lamp Set,$778.14,9,5%,$262.25,33.7%
ORD-10218,2022-04-03,2022-04-05,C-5896,Eve Williams,Consumer,Central,Texas,Furniture,Tables,Standing Desk,"$1,028.64",4,20%,$330.85,32.2%
ORD-10219,2022-02-01,2022-02-05,C-7563,Frank Johnson,Consumer,South,North Carolina,Furniture,Chairs,Mesh Chair,$292.54,2,5%,$122.08,41.7%
ORD-10220,2023-08-20,2023-08-25,C-6432,Bob Smith,Consumer,Central,Texas,Technology,Accessories,Keyboard,$340.00,8,0%,$76.07,22.4%
ORD-10221,2023-04-18,2023-04-19,C-4066,Eve Jones,Home Office,East,Florida,Furniture,Furnishings,Lamp Set,$729.19,7,0%,$263.61,36.2%
ORD-10222,2023-04-02,2023-04-04,C-3248,Grace Brown,Home Office,West,Washington,Furniture,Furnishings,Storage Cabinet,$863.10,9,0%,$328.03,38.0%
ORD-10223,2023-10-21,2023-10-28,C-9231,Frank Martinez,Corporate,East,New York,Office Supplies,Storage,Storage Bin,$505.59,9,15%,$112.16,22.2%
ORD-10224,2022-10-04,2022-10-06,C-4813,Carol Johnson,Home Office,West,Oregon,Technology,Phones,Samsung Galaxy S22,$382.38,1,30%,$121.46,31.8%
ORD-10225,2022-09-11,2022-09-17,C-3846,Carol Brown,Home Office,East,Virginia,Office Supplies,Binders,Heavy Duty Binder,$118.16,10,20%,$42.69,36.1%
ORD-10226,2023-08-30,2023-09-02,C-9064,Iris Jones,Home Office,Central,Texas,Office Supplies,Storage,Filing Cabinet,$477.56,10,5%,$115.01,24.1%
ORD-10227,2022-06-29,2022-07-03,C-4300,Carol Garcia,Consumer,West,California,Technology,Accessories,USB Hub,$285.19,9,15%,$62.89,22.1%
ORD-10228,2022-07-01,2022-07-08,C-7481,Jack Johnson,Consumer,Central,Texas,Technology,Accessories,USB Hub,$389.79,9,0%,$139.00,35.7%
ORD-10229,2022-12-11,2022-12-14,C-6846,David Williams,Consumer,Central,Illinois,Office Supplies,Appliances,Mini Fridge,$868.00,8,0%,$237.14,27.3%
ORD-10230,2023-01-23,2023-01-26,C-6213,Jack Brown,Consumer,Central,Illinois,Office Supplies,Binders,Ring Binder,$123.10,10,0%,$49.79,40.4%
ORD-10231,2023-10-17,2023-10-22,C-2453,Frank Davis,Consumer,West,Nevada,Furniture,Chairs,Mesh Chair,"$1,395.42",6,0%,$406.00,29.1%
ORD-10232,2022-01-12,2022-01-15,C-7875,Carol Martinez,Home Office,East,Pennsylvania,Technology,Computers,MacBook Pro,"$1,996.12",2,0%,$705.66,35.4%
ORD-10233,2023-05-20,2023-05-24,C-6221,Eve Johnson,Consumer,Central,Michigan,Furniture,Tables,Standing Desk,"$1,766.32",8,0%,$664.62,37.6%
ORD-10234,2022-03-17,2022-03-20,C-8066,Carol Martinez,Consumer,East,Florida,Office Supplies,Binders,Ring Binder,$16.83,2,30%,$4.61,27.4%
ORD-10235,2022-06-10,2022-06-11,C-5872,David Johnson,Consumer,West,Oregon,Technology,Copiers,Brother Printer,"$3,045.36",9,10%,$867.47,28.5%
ORD-10236,2022-02-20,2022-02-24,C-1421,David Williams,Consumer,South,North Carolina,Furniture,Chairs,Executive Chair,$247.60,2,30%,$99.06,40.0%
ORD-10237,2023-10-16,2023-10-19,C-9914,Grace Williams,Consumer,West,Nevada,Furniture,Furnishings,Storage Cabinet,$811.73,8,10%,$346.78,42.7%
ORD-10238,2023-01-15,2023-01-19,C-3476,Bob Johnson,Corporate,Central,Illinois,Technology,Computers,MacBook Pro,"$5,927.40",8,10%,"$1,831.20",30.9%
ORD-10239,2023-11-16,2023-11-19,C-4860,Henry Jones,Home Office,South,North Carolina,Technology,Copiers,Brother Printer,"$2,014.14",7,30%,$617.98,30.7%
ORD-10240,2022-03-22,2022-03-26,C-2283,Grace Brown,Consumer,West,Washington,Furniture,Tables,Standing Desk,"$1,213.80",4,0%,$533.26,43.9%
ORD-10241,2023-10-05,2023-10-07,C-9514,Henry Smith,Home Office,Central,Ohio,Technology,Phones,Samsung Galaxy S22,"$3,541.64",9,15%,$835.27,23.6%
ORD-10242,2023-12-19,2023-12-24,C-2654,Eve Garcia,Corporate,South,Georgia,Technology,Accessories,Keyboard,$389.30,10,0%,$85.17,21.9%
ORD-10243,2023-02-25,2023-02-28,C-7581,Alice Martinez,Home Office,South,Alabama,Office Supplies,Appliances,Coffee Maker,$277.56,3,0%,$82.00,29.5%
ORD-10244,2022-12-06,2022-12-12,C-9054,Bob Brown,Home Office,East,New York,Furniture,Bookcases,3-Shelf Bookcase,$108.22,1,10%,$40.29,37.2%
ORD-10245,2022-05-18,2022-05-21,C-7671,Henry Garcia,Corporate,South,Tennessee,Office Supplies,Appliances,Mini Fridge,$168.68,2,5%,$37.39,22.2%
ORD-10246,2022-02-27,2022-03-04,C-4288,Alice Brown,Corporate,East,New York,Office Supplies,Appliances,Coffee Maker,"$1,065.06",9,0%,$433.02,40.7%
ORD-10247,2022-02-03,2022-02-07,C-4963,Frank Davis,Home Office,West,Oregon,Technology,Computers,MacBook Pro,"$7,325.68",8,0%,"$2,049.04",28.0%
ORD-10248,2023-09-01,2023-09-05,C-2480,Eve Smith,Home Office,East,Florida,Office Supplies,Storage,Storage Bin,$182.20,3,10%,$47.87,26.3%
ORD-10249,2023-01-31,2023-02-01,C-1145,Henry Williams,Consumer,East,Pennsylvania,Office Supplies,Paper,Copy Paper,$55.94,4,20%,$17.99,32.2%
ORD-10250,2023-10-25,2023-10-27,C-8520,Eve Brown,Corporate,West,Washington,Office Supplies,Storage,Filing Cabinet,$228.96,5,20%,$54.29,23.7%
ORD-10251,2023-04-23,2023-04-26,C-8892,Bob Garcia,Consumer,South,Georgia,Office Supplies,Storage,Filing Cabinet,$556.38,10,10%,$155.17,27.9%
ORD-10252,2022-10-11,2022-10-17,C-7620,Frank Williams,Corporate,Central,Ohio,Office Supplies,Storage,File Box,$169.72,3,5%,$38.20,22.5%
ORD-10253,2022-01-27,2022-02-02,C-4643,Iris Davis,Corporate,South,Tennessee,Furniture,Furnishings,Storage Cabinet,$95.10,1,5%,$34.64,36.4%
ORD-10254,2023-11-19,2023-11-22,C-3999,Frank Johnson,Home Office,Central,Illinois,Office Supplies,Paper,Legal Pad,$34.40,2,10%,$9.24,26.9%
ORD-10255,2022-08-16,2022-08-19,C-2166,Henry Brown,Corporate,East,Virginia,Furniture,Bookcases,3-Shelf Bookcase,"$1,178.80",10,0%,$391.79,33.2%
ORD-10256,2023-05-28,2023-05-29,C-3954,Bob Davis,Corporate,South,Tennessee,Technology,Accessories,USB Hub,$98.42,4,30%,$40.76,41.4%
ORD-10257,2022-12-07,2022-12-13,C-3595,Henry Johnson,Home Office,East,Virginia,Technology,Phones,Samsung Galaxy S22,"$2,124.50",5,0%,$649.95,30.6%
ORD-10258,2022-05-13,2022-05-18,C-1230,Frank Brown,Corporate,South,Alabama,Furniture,Furnishings,Storage Cabinet,$74.13,1,5%,$19.82,26.7%
ORD-10259,2022-01-19,2022-01-25,C-1749,Eve Jones,Consumer,West,Washington,Office Supplies,Storage,Storage Bin,$133.08,3,10%,$54.33,40.8%
ORD-10260,2023-04-12,2023-04-18,C-7609,Alice Brown,Home Office,Central,Michigan,Technology,Computers,MacBook Pro,"$6,056.52",6,0%,"$1,289.91",21.3%
ORD-10261,2022-08-18,2022-08-24,C-5190,Iris Smith,Home Office,East,Pennsylvania,Technology,Accessories,USB Hub,$245.70,6,0%,$87.52,35.6%
ORD-10262,2023-09-01,2023-09-02,C-3508,David Smith,Consumer,West,California,Office Supplies,Binders,Presentation Binder,$88.20,8,10%,$29.23,33.1%
ORD-10263,2022-11-05,2022-11-09,C-2741,Henry Brown,Home Office,West,Oregon,Office Supplies,Paper,Legal Pad,$38.88,2,0%,$14.75,37.9%
ORD-10264,2023-09-16,2023-09-18,C-8875,Frank Brown,Corporate,Central,Illinois,Office Supplies,Appliances,Microwave,$173.10,3,30%,$38.50,22.2%
ORD-10265,2022-01-03,2022-01-04,C-2659,Eve Brown,Home Office,West,California,Office Supplies,Appliances,Coffee Maker,$228.14,2,0%,$61.39,26.9%
ORD-10266,2023-04-13,2023-04-16,C-2898,Bob Smith,Consumer,Central,Michigan,Technology,Accessories,USB Hub,$150.54,5,15%,$51.71,34.3%
ORD-10267,2022-01-10,2022-01-17,C-6615,Carol Johnson,Corporate,East,Pennsylvania,Furniture,Furnishings,Whiteboard,$560.40,5,0%,$199.98,35.7%
ORD-10268,2023-02-15,2023-02-19,C-3611,Bob Martinez,Corporate,South,Tennessee,Office Supplies,Appliances,Microwave,$256.74,3,0%,$52.53,20.5%
ORD-10269,2023-08-28,2023-09-01,C-8997,Bob Martinez,Home Office,South,North Carolina,Furniture,Bookcases,Corner Bookcase,$148.58,1,0%,$48.92,32.9%
ORD-10270,2023-03-28,2023-03-29,C-6542,Iris Johnson,Home Office,West,Oregon,Furniture,Chairs,Folding Chair,"$1,839.70",9,5%,$378.11,20.6%
ORD-10271,2023-03-20,2023-03-26,C-3571,Iris Davis,Corporate,East,Florida,Office Supplies,Appliances,Coffee Maker,"$1,070.01",9,0%,$478.39,44.7%
ORD-10272,2023-05-23,2023-05-30,C-7203,Grace Brown,Corporate,East,New York,Furniture,Tables,Conference Table,"$1,036.26",5,5%,$323.70,31.2%
ORD-10273,2022-03-22,2022-03-26,C-7755,Alice Smith,Consumer,South,Alabama,Furniture,Furnishings,Storage Cabinet,$232.44,2,0%,$98.63,42.4%
ORD-10274,2022-04-04,2022-04-11,C-6439,Iris Davis,Home Office,Central,Illinois,Office Supplies,Appliances,Microwave,$661.37,6,5%,$158.01,23.9%
ORD-10275,2023-11-04,2023-11-07,C-7125,Bob Smith,Consumer,South,Georgia,Office Supplies,Paper,A4 Ream,$98.17,6,10%,$30.73,31.3%
ORD-10276,2022-06-18,2022-06-22,C-4122,Frank Johnson,Consumer,East,Florida,Furniture,Tables,Standing Desk,$507.44,2,20%,$201.00,39.6%
ORD-10277,2023-03-01,2023-03-02,C-8091,Jack Davis,Corporate,West,Nevada,Office Supplies,Paper,Legal Pad,$19.60,1,0%,$6.11,31.2%
ORD-10278,2023-06-05,2023-06-12,C-7302,Grace Brown,Home Office,East,Pennsylvania,Technology,Phones,Samsung Galaxy S22,"$4,294.62",10,15%,"$1,391.34",32.4%
ORD-10279,2022-10-08,2022-10-12,C-9975,Frank Brown,Corporate,Central,Ohio,Technology,Accessories,Wireless Mouse,$367.02,10,10%,$87.80,23.9%
ORD-10280,2022-07-25,2022-07-27,C-6771,Iris Davis,Home Office,Central,Ohio,Technology,Accessories,Keyboard,$311.28,9,15%,$84.80,27.2%
ORD-10281,2023-08-20,2023-08-25,C-3636,Eve Jones,Corporate,South,Tennessee,Technology,Phones,iPhone 13,"$2,883.51",7,0%,"$1,153.47",40.0%
ORD-10282,2022-05-30,2022-06-06,C-7371,David Jones,Consumer,West,Oregon,Office Supplies,Binders,Presentation Binder,$81.70,8,5%,$21.60,26.4%
ORD-10283,2023-12-11,2023-12-17,C-8259,David Garcia,Corporate,West,Nevada,Furniture,Bookcases,Corner Bookcase,$92.43,1,10%,$36.90,39.9%
ORD-10284,2023-08-26,2023-08-31,C-2955,Grace Smith,Corporate,East,Pennsylvania,Furniture,Tables,Side Table,$467.06,2,0%,$124.35,26.6%
ORD-10285,2023-03-15,2023-03-18,C-6285,Jack Smith,Consumer,Central,Illinois,Office Supplies,Storage,File Box,$349.74,6,0%,$153.89,44.0%
ORD-10286,2023-10-03,2023-10-08,C-9276,Carol Martinez,Home Office,Central,Michigan,Office Supplies,Storage,File Box,$358.50,6,0%,$114.67,32.0%
ORD-10287,2023-07-11,2023-07-16,C-9691,Henry Smith,Corporate,South,Georgia,Technology,Accessories,Keyboard,$188.78,6,10%,$74.64,39.5%
ORD-10288,2022-04-28,2022-05-04,C-9851,Eve Smith,Consumer,Central,Michigan,Office Supplies,Paper,A4 Ream,$110.34,6,0%,$39.01,35.4%
ORD-10289,2023-06-14,2023-06-21,C-3742,Iris Smith,Corporate,Central,Michigan,Technology,Computers,HP Notebook,"$3,380.08",4,0%,$719.78,21.3%
ORD-10290,2023-10-04,2023-10-05,C-2181,Carol Smith,Home Office,East,Pennsylvania,Furniture,Chairs,Mesh Chair,"$1,584.94",9,20%,$457.03,28.8%
ORD-10291,2023-04-16,2023-04-22,C-7678,Grace Davis,Consumer,Central,Texas,Technology,Phones,iPhone 13,"$2,353.67",5,5%,$523.11,22.2%
ORD-10292,2023-10-08,2023-10-12,C-1745,Bob Garcia,Consumer,South,Tennessee,Furniture,Chairs,Folding Chair,$204.96,1,0%,$53.50,26.1%
ORD-10293,2023-05-30,2023-05-31,C-9740,David Williams,Home Office,Central,Ohio,Technology,Computers,MacBook Pro,"$6,115.41",7,0%,"$2,027.28",33.2%
ORD-10294,2023-02-05,2023-02-12,C-1082,Jack Martinez,Corporate,Central,Illinois,Office Supplies,Storage,File Box,$615.60,9,0%,$258.05,41.9%
ORD-10295,2023-07-05,2023-07-10,C-4617,Jack Jones,Consumer,West,Oregon,Office Supplies,Storage,File Box,$484.12,7,0%,$198.37,41.0%
ORD-10296,2022-07-18,2022-07-19,C-8982,Frank Garcia,Home Office,East,New York,Furniture,Chairs,Executive Chair,$329.29,2,5%,$88.45,26.9%
ORD-10297,2022-05-12,2022-05-18,C-6008,Jack Williams,Corporate,East,New York,Office Supplies,Binders,Heavy Duty Binder,$65.38,6,15%,$19.35,29.6%
ORD-10298,2023-08-03,2023-08-08,C-6889,Carol Garcia,Corporate,Central,Ohio,Technology,Phones,Samsung Galaxy S22,"$1,733.12",4,20%,$660.02,38.1%
ORD-10299,2023-05-07,2023-05-11,C-3293,Iris Brown,Corporate,South,Tennessee,Furniture,Chairs,Mesh Chair,"$1,436.76",10,10%,$338.10,23.5%
ORD-10300,2022-09-27,2022-10-03,C-5269,Iris Davis,Consumer,West,California,Office Supplies,Binders,Ring Binder,$117.70,10,5%,$26.30,22.3%
ORD-10301,2023-11-01,2023-11-08,C-9227,Alice Brown,Corporate,East,Virginia,Technology,Computers,Dell Laptop,"$7,313.44",8,0%,"$2,565.58",35.1%
ORD-10302,2023-09-21,2023-09-27,C-8921,Frank Smith,Corporate,East,Pennsylvania,Technology,Accessories,Keyboard,$401.40,10,0%,$106.78,26.6%
ORD-10303,2022-08-13,2022-08-20,C-8448,Alice Smith,Consumer,South,North Carolina,Furniture,Bookcases,5-Shelf Bookcase,$117.38,1,15%,$41.43,35.3%
ORD-10304,2023-10-27,2023-10-30,C-7165,David Martinez,Home Office,West,Oregon,Furniture,Tables,Conference Table,"$1,775.20",7,0%,$569.55,32.1%
ORD-10305,2022-12-28,2023-01-04,C-5600,David Williams,Corporate,Central,Michigan,Office Supplies,Binders,Ring Binder,$35.85,3,5%,$15.44,43.1%
ORD-10306,2022-07-11,2022-07-13,C-3641,Grace Smith,Home Office,Central,Texas,Technology,Copiers,Xerox MX,$477.88,2,30%,$157.82,33.0%
ORD-10307,2022-09-07,2022-09-08,C-9464,Grace Smith,Consumer,East,Pennsylvania,Office Supplies,Binders,Ring Binder,$28.35,3,10%,$6.22,21.9%
ORD-10308,2023-11-09,2023-11-16,C-3979,Jack Jones,Consumer,Central,Texas,Furniture,Furnishings,Storage Cabinet,$204.91,3,20%,$61.43,30.0%
ORD-10309,2022-06-21,2022-06-27,C-9564,Iris Martinez,Home Office,Central,Michigan,Office Supplies,Binders,Heavy Duty Binder,$85.96,7,0%,$38.33,44.6%
ORD-10310,2022-06-03,2022-06-08,C-3135,Jack Smith,Corporate,West,Washington,Office Supplies,Binders,Ring Binder,$128.34,9,0%,$42.28,32.9%
ORD-10311,2023-11-26,2023-12-02,C-2600,Grace Williams,Corporate,South,Alabama,Technology,Copiers,Canon Copier,"$2,468.48",8,20%,$894.50,36.2%
ORD-10312,2022-09-18,2022-09-22,C-2930,Iris Smith,Corporate,East,New York,Office Supplies,Appliances,Microwave,$323.92,4,0%,$98.96,30.6%
ORD-10313,2023-01-20,2023-01-26,C-9783,Grace Garcia,Corporate,East,Virginia,Furniture,Chairs,Mesh Chair,"$1,296.41",7,10%,$498.70,38.5%
ORD-10314,2023-09-19,2023-09-22,C-6024,Jack Garcia,Corporate,South,North Carolina,Office Supplies,Appliances,Coffee Maker,$439.53,6,30%,$169.90,38.7%
ORD-10315,2023-12-24,2023-12-28,C-1852,Carol Martinez,Home Office,East,New York,Technology,Copiers,Brother Printer,$687.46,3,20%,$174.26,25.3%
ORD-10316,2023-10-14,2023-10-15,C-1618,Grace Martinez,Corporate,West,Washington,Office Supplies,Appliances,Coffee Maker,$156.40,2,15%,$67.25,43.0%
ORD-10317,2023-09-21,2023-09-27,C-9364,Iris Brown,Consumer,Central,Texas,Office Supplies,Appliances,Microwave,$80.43,1,10%,$32.28,40.1%
ORD-10318,2023-09-22,2023-09-24,C-7474,Grace Brown,Consumer,West,Oregon,Office Supplies,Binders,Heavy Duty Binder,$24.93,2,20%,$9.02,36.2%
ORD-10319,2023-06-15,2023-06-16,C-7618,Jack Smith,Home Office,West,California,Furniture,Bookcases,3-Shelf Bookcase,$542.54,5,5%,$182.46,33.6%
ORD-10320,2022-09-25,2022-09-27,C-5098,Henry Martinez,Home Office,South,Georgia,Technology,Computers,MacBook Pro,"$1,853.33",2,10%,$428.07,23.1%
ORD-10321,2023-07-31,2023-08-04,C-4610,David Garcia,Corporate,East,Virginia,Office Supplies,Appliances,Mini Fridge,$91.22,1,10%,$39.51,43.3%
ORD-10322,2023-02-27,2023-03-02,C-6792,David Jones,Consumer,West,Oregon,Furniture,Chairs,Executive Chair,$954.96,6,0%,$315.96,33.1%
ORD-10323,2022-07-07,2022-07-13,C-5091,Jack Garcia,Home Office,East,Florida,Technology,Accessories,Keyboard,$165.30,4,5%,$64.91,39.3%
ORD-10324,2022-06-09,2022-06-16,C-7081,Jack Garcia,Consumer,West,California,Office Supplies,Appliances,Mini Fridge,$113.42,1,0%,$26.99,23.8%
ORD-10325,2023-05-20,2023-05-25,C-7933,Henry Smith,Consumer,Central,Michigan,Office Supplies,Storage,Storage Bin,$261.28,4,0%,$114.04,43.6%
ORD-10326,2023-05-30,2023-06-02,C-2650,Frank Garcia,Corporate,South,North Carolina,Technology,Copiers,Xerox MX,$260.01,1,5%,$92.34,35.5%
ORD-10327,2023-09-20,2023-09-27,C-9171,Grace Brown,Home Office,Central,Illinois,Furniture,Tables,Conference Table,"$2,178.24",8,15%,$780.94,35.9%
ORD-10328,2023-03-06,2023-03-12,C-5422,David Martinez,Corporate,Central,Ohio,Furniture,Furnishings,Lamp Set,$777.19,10,5%,$191.54,24.6%
ORD-10329,2023-01-26,2023-01-28,C-5915,Eve Smith,Corporate,East,Pennsylvania,Technology,Accessories,Wireless Mouse,$216.72,8,15%,$54.97,25.4%
ORD-10330,2023-02-12,2023-02-13,C-6903,Iris Jones,Consumer,East,New York,Furniture,Furnishings,Whiteboard,$161.02,2,15%,$62.00,38.5%
ORD-10331,2022-12-19,2022-12-20,C-5663,Frank Garcia,Corporate,South,Georgia,Office Supplies,Paper,Copy Paper,$205.60,10,0%,$42.18,20.5%
ORD-10332,2023-11-21,2023-11-26,C-7631,Bob Johnson,Consumer,South,Alabama,Furniture,Bookcases,3-Shelf Bookcase,$379.67,3,15%,$130.81,34.5%
ORD-10333,2022-06-15,2022-06-18,C-8289,Frank Davis,Corporate,East,Virginia,Office Supplies,Storage,Filing Cabinet,$246.92,5,20%,$94.37,38.2%
ORD-10334,2023-02-28,2023-03-02,C-7505,Bob Johnson,Consumer,East,New York,Office Supplies,Paper,Copy Paper,$114.60,5,0%,$45.54,39.7%
ORD-10335,2022-03-07,2022-03-11,C-7387,Eve Brown,Corporate,West,California,Office Supplies,Binders,Heavy Duty Binder,$67.70,5,0%,$19.38,28.6%
ORD-10336,2022-09-11,2022-09-17,C-6328,Henry Davis,Home Office,Central,Michigan,Technology,Accessories,Keyboard,$77.01,3,15%,$18.09,23.5%
ORD-10337,2023-07-08,2023-07-11,C-9745,Eve Garcia,Home Office,South,North Carolina,Office Supplies,Paper,Copy Paper,$152.00,10,20%,$48.51,31.9%
ORD-10338,2023-05-09,2023-05-14,C-3233,Frank Jones,Corporate,East,New York,Furniture,Bookcases,3-Shelf Bookcase,$552.05,5,0%,$248.41,45.0%
ORD-10339,2023-04-26,2023-05-01,C-4089,Grace Martinez,Corporate,West,Nevada,Furniture,Chairs,Executive Chair,"$1,006.80",5,0%,$315.07,31.3%
ORD-10340,2023-02-09,2023-02-11,C-9715,Eve Martinez,Corporate,East,Florida,Technology,Computers,Dell Laptop,"$6,058.65",7,10%,"$2,295.20",37.9%
ORD-10341,2022-07-12,2022-07-19,C-9060,David Garcia,Consumer,West,Washington,Furniture,Chairs,Folding Chair,"$1,461.89",8,10%,$401.85,27.5%
ORD-10342,2022-01-20,2022-01-22,C-3468,Alice Davis,Consumer,West,California,Technology,Computers,MacBook Pro,"$2,988.18",3,0%,"$1,170.76",39.2%
ORD-10343,2022-08-11,2022-08-14,C-7429,Bob Davis,Corporate,South,Tennessee,Furniture,Furnishings,Whiteboard,$89.88,1,0%,$39.19,43.6%
ORD-10344,2022-07-05,2022-07-07,C-2539,Iris Brown,Consumer,Central,Michigan,Technology,Accessories,Wireless Mouse,$269.12,8,0%,$107.70,40.0%
ORD-10345,2023-04-30,2023-05-04,C-5895,David Garcia,Consumer,Central,Ohio,Office Supplies,Binders,Ring Binder,$105.38,9,10%,$34.74,33.0%
ORD-10346,2022-02-23,2022-03-02,C-7484,David Smith,Consumer,East,New York,Office Supplies,Appliances,Microwave,$79.11,1,10%,$24.04,30.4%
ORD-10347,2022-02-13,2022-02-18,C-1983,Alice Garcia,Corporate,South,North Carolina,Technology,Accessories,USB Hub,$212.09,8,15%,$46.08,21.7%
ORD-10348,2023-10-23,2023-10-25,C-1349,Grace Garcia,Corporate,West,Washington,Technology,Computers,HP Notebook,"$4,328.56",6,30%,"$1,154.44",26.7%
ORD-10349,2022-05-18,2022-05-21,C-6303,Henry Jones,Home Office,West,Nevada,Furniture,Bookcases,Corner Bookcase,$898.00,8,0%,$282.06,31.4%
ORD-10350,2023-09-06,2023-09-13,C-9289,Grace Williams,Home Office,East,New York,Technology,Copiers,Xerox MX,"$1,224.96",5,30%,$551.01,45.0%
ORD-10351,2022-01-20,2022-01-25,C-9151,Iris Williams,Corporate,Central,Illinois,Office Supplies,Binders,Ring Binder,$125.00,9,5%,$39.87,31.9%
ORD-10352,2023-09-20,2023-09-23,C-3126,Carol Smith,Home Office,Central,Michigan,Furniture,Chairs,Mesh Chair,"$1,857.33",9,0%,$447.99,24.1%
ORD-10353,2022-07-26,2022-07-27,C-4616,Jack Johnson,Consumer,South,North Carolina,Technology,Copiers,Brother Printer,"$2,503.58",8,10%,"$1,095.89",43.8%
ORD-10354,2022-01-14,2022-01-16,C-1955,Jack Jones,Corporate,South,Georgia,Office Supplies,Binders,Presentation Binder,$102.31,9,20%,$25.01,24.4%
ORD-10355,2023-06-26,2023-06-27,C-5075,Jack Williams,Consumer,West,Oregon,Technology,Phones,iPhone 13,"$1,862.61",4,5%,$748.25,40.2%
ORD-10356,2023-07-26,2023-08-01,C-3733,Carol Martinez,Home Office,South,Georgia,Office Supplies,Storage,Filing Cabinet,$410.50,8,20%,$94.13,22.9%
ORD-10357,2023-06-01,2023-06-04,C-6299,Jack Brown,Corporate,East,Florida,Furniture,Bookcases,3-Shelf Bookcase,$802.31,7,20%,$195.33,24.3%
ORD-10358,2023-07-31,2023-08-05,C-1567,Eve Smith,Home Office,East,Florida,Office Supplies,Storage,Storage Bin,$370.11,8,20%,$166.53,45.0%
ORD-10359,2023-06-15,2023-06-17,C-9376,Iris Williams,Corporate,Central,Texas,Technology,Accessories,Wireless Mouse,$37.71,1,10%,$8.30,22.0%
ORD-10360,2022-04-07,2022-04-08,C-2505,Jack Martinez,Consumer,South,Tennessee,Technology,Computers,MacBook Pro,"$7,362.63",10,10%,"$1,820.27",24.7%
ORD-10361,2023-08-06,2023-08-08,C-5921,Alice Martinez,Corporate,West,Oregon,Technology,Copiers,Brother Printer,"$3,900.10",10,0%,"$1,174.68",30.1%
ORD-10362,2022-03-22,2022-03-29,C-7266,Alice Jones,Corporate,West,Oregon,Furniture,Furnishings,Lamp Set,$427.12,4,0%,$124.52,29.2%
ORD-10363,2023-06-21,2023-06-22,C-9269,Bob Brown,Corporate,Central,Illinois,Office Supplies,Paper,A4 Ream,$16.61,1,20%,$3.44,20.7%
ORD-10364,2023-03-19,2023-03-22,C-7529,Iris Martinez,Consumer,South,North Carolina,Furniture,Chairs,Executive Chair,"$1,706.96",10,20%,$656.09,38.4%
ORD-10365,2023-12-16,2023-12-18,C-5362,Grace Garcia,Home Office,East,Florida,Technology,Copiers,Xerox MX,"$2,852.28",10,5%,"$1,110.74",38.9%
ORD-10366,2023-12-03,2023-12-08,C-1396,Eve Williams,Home Office,West,California,Furniture,Furnishings,Storage Cabinet,$429.47,6,15%,$129.50,30.2%
ORD-10367,2022-12-25,2022-12-30,C-1893,David Williams,Corporate,South,North Carolina,Technology,Accessories,USB Hub,$193.26,6,0%,$81.54,42.2%
ORD-10368,2022-10-22,2022-10-23,C-9573,Eve Davis,Corporate,Central,Texas,Furniture,Furnishings,Lamp Set,$484.27,6,5%,$193.25,39.9%
ORD-10369,2023-09-30,2023-10-06,C-5444,Alice Davis,Corporate,East,New York,Office Supplies,Binders,Presentation Binder,$29.98,3,5%,$7.58,25.3%
ORD-10370,2023-11-02,2023-11-03,C-7237,Iris Johnson,Home Office,West,Nevada,Furniture,Bookcases,5-Shelf Bookcase,$94.23,1,20%,$36.96,39.2%
ORD-10371,2022-11-20,2022-11-24,C-7445,Carol Smith,Consumer,West,Washington,Office Supplies,Appliances,Mini Fridge,$74.20,1,10%,$27.20,36.7%
ORD-10372,2022-12-22,2022-12-28,C-1482,Iris Jones,Home Office,Central,Ohio,Furniture,Tables,Side Table,"$1,367.28",5,10%,$314.93,23.0%
ORD-10373,2022-08-19,2022-08-21,C-3502,Grace Jones,Home Office,Central,Michigan,Technology,Phones,Pixel 6,"$3,244.87",7,5%,"$1,121.64",34.6%
ORD-10374,2023-09-12,2023-09-15,C-6062,Iris Williams,Consumer,South,North Carolina,Office Supplies,Paper,Copy Paper,$178.18,9,5%,$41.76,23.4%
ORD-10375,2023-03-17,2023-03-24,C-6221,Grace Martinez,Corporate,East,Pennsylvania,Technology,Phones,iPhone 13,"$3,315.00",6,0%,$889.18,26.8%
ORD-10376,2022-11-07,2022-11-11,C-4783,Jack Brown,Consumer,Central,Illinois,Technology,Accessories,USB Hub,$37.58,1,10%,$11.22,29.9%
ORD-10377,2022-08-25,2022-08-31,C-7126,Carol Martinez,Consumer,West,Oregon,Office Supplies,Appliances,Coffee Maker,$736.60,9,30%,$200.35,27.2%
ORD-10378,2023-05-19,2023-05-23,C-4323,David Johnson,Consumer,East,Pennsylvania,Technology,Phones,Samsung Galaxy S22,$455.92,1,20%,$179.80,39.4%
ORD-10379,2022-07-01,2022-07-05,C-7457,Jack Smith,Corporate,South,Tennessee,Technology,Copiers,Xerox MX,$287.63,1,20%,$77.65,27.0%
ORD-10380,2023-06-18,2023-06-19,C-8201,Grace Jones,Consumer,South,Alabama,Technology,Copiers,Brother Printer,$352.31,1,0%,$141.82,40.3%
ORD-10381,2022-10-20,2022-10-24,C-8400,Bob Johnson,Corporate,East,Florida,Office Supplies,Binders,Ring Binder,$95.00,9,30%,$23.04,24.3%
ORD-10382,2022-07-04,2022-07-11,C-2477,Eve Garcia,Corporate,East,Florida,Furniture,Furnishings,Lamp Set,$270.38,3,5%,$62.02,22.9%
ORD-10383,2023-12-10,2023-12-16,C-9383,Jack Williams,Consumer,East,New York,Technology,Copiers,Brother Printer,"$1,364.54",6,20%,$366.08,26.8%
ORD-10384,2023-01-23,2023-01-28,C-6071,Henry Jones,Consumer,South,Georgia,Furniture,Tables,Standing Desk,$697.86,3,0%,$240.83,34.5%
ORD-10385,2023-10-04,2023-10-06,C-1094,Jack Davis,Consumer,West,Washington,Technology,Computers,Dell Laptop,"$5,111.90",8,30%,"$1,605.77",31.4%
ORD-10386,2022-09-01,2022-09-03,C-4401,Alice Williams,Corporate,South,Alabama,Furniture,Chairs,Folding Chair,"$1,381.77",10,10%,$407.70,29.5%
ORD-10387,2022-06-01,2022-06-02,C-3643,Eve Williams,Consumer,Central,Texas,Technology,Computers,MacBook Pro,"$1,186.00",2,20%,$239.06,20.2%
ORD-10388,2023-04-12,2023-04-18,C-2063,Eve Davis,Consumer,Central,Texas,Furniture,Bookcases,3-Shelf Bookcase,$819.22,7,20%,$195.93,23.9%
ORD-10389,2022-05-18,2022-05-19,C-9666,Bob Davis,Home Office,Central,Ohio,Furniture,Tables,Side Table,"$1,125.44",4,0%,$345.69,30.7%
ORD-10390,2023-12-07,2023-12-12,C-9132,Iris Davis,Home Office,Central,Michigan,Furniture,Bookcases,Corner Bookcase,"$1,323.70",10,15%,$288.86,21.8%
ORD-10391,2023-05-20,2023-05-27,C-4396,Jack Martinez,Home Office,East,Pennsylvania,Furniture,Tables,Standing Desk,$430.40,2,0%,$114.33,26.6%
ORD-10392,2023-02-28,2023-03-01,C-6042,Eve Garcia,Home Office,Central,Ohio,Office Supplies,Paper,A4 Ream,$75.20,4,10%,$18.98,25.2%
ORD-10393,2022-01-07,2022-01-08,C-8849,Henry Smith,Corporate,Central,Ohio,Office Supplies,Binders,Heavy Duty Binder,$40.73,4,15%,$8.94,21.9%
ORD-10394,2023-10-24,2023-10-26,C-5904,Jack Garcia,Home Office,South,North Carolina,Furniture,Bookcases,3-Shelf Bookcase,"$1,064.70",7,0%,$256.83,24.1%
ORD-10395,2023-07-23,2023-07-28,C-6556,Grace Williams,Home Office,West,Washington,Office Supplies,Storage,Storage Bin,$127.35,2,10%,$30.54,24.0%
ORD-10396,2023-08-08,2023-08-13,C-9143,David Garcia,Home Office,South,North Carolina,Technology,Computers,HP Notebook,"$5,367.65",6,10%,"$1,860.07",34.7%
ORD-10397,2023-04-08,2023-04-15,C-8270,Iris Smith,Home Office,Central,Illinois,Furniture,Tables,Standing Desk,"$1,714.62",6,5%,$380.07,22.2%
ORD-10398,2023-05-10,2023-05-15,C-9456,Carol Brown,Corporate,East,Pennsylvania,Furniture,Bookcases,3-Shelf Bookcase,$430.65,3,0%,$105.28,24.4%
ORD-10399,2022-02-07,2022-02-11,C-1755,Bob Jones,Consumer,South,Georgia,Furniture,Chairs,Folding Chair,"$1,900.77",10,15%,$633.49,33.3%
ORD-10400,2022-01-24,2022-01-29,C-5467,Carol Williams,Corporate,Central,Illinois,Technology,Accessories,Wireless Mouse,$133.45,5,30%,$37.66,28.2%
ORD-10401,2022-10-08,2022-10-09,C-3806,Bob Jones,Consumer,West,California,Office Supplies,Storage,Filing Cabinet,$288.68,6,10%,$88.47,30.6%
ORD-10402,2023-09-20,2023-09-23,C-7421,Carol Davis,Consumer,South,Georgia,Technology,Copiers,Brother Printer,$287.25,1,0%,$123.08,42.8%
ORD-10403,2023-09-24,2023-09-27,C-6085,Henry Davis,Consumer,Central,Ohio,Office Supplies,Binders,Presentation Binder,$76.37,10,30%,$32.51,42.6%
ORD-10404,2022-08-26,2022-08-28,C-1495,Bob Davis,Corporate,East,Virginia,Furniture,Tables,Side Table,"$1,536.32",6,15%,$517.25,33.7%
ORD-10405,2022-04-26,2022-04-29,C-2752,Frank Johnson,Consumer,South,Alabama,Furniture,Bookcases,Corner Bookcase,"$1,088.80",10,0%,$379.53,34.9%
ORD-10406,2022-11-06,2022-11-11,C-6582,David Martinez,Home Office,South,Alabama,Furniture,Tables,Side Table,$767.59,4,30%,$271.76,35.4%
ORD-10407,2023-03-22,2023-03-27,C-8584,Frank Johnson,Consumer,Central,Illinois,Office Supplies,Binders,Ring Binder,$147.20,10,0%,$44.45,30.2%
ORD-10408,2023-04-01,2023-04-03,C-2007,Bob Brown,Consumer,Central,Michigan,Office Supplies,Binders,Ring Binder,$114.96,10,20%,$42.32,36.8%
ORD-10409,2022-05-23,2022-05-28,C-6187,Eve Jones,Home Office,West,Washington,Technology,Copiers,Brother Printer,"$1,148.56",5,30%,$460.67,40.1%
ORD-10410,2023-03-22,2023-03-28,C-6885,Bob Jones,Home Office,Central,Texas,Technology,Copiers,Canon Copier,"$1,404.95",5,0%,$631.93,45.0%
ORD-10411,2022-02-01,2022-02-03,C-8780,Carol Brown,Home Office,South,Alabama,Furniture,Furnishings,Storage Cabinet,$625.96,7,5%,$178.01,28.4%
ORD-10412,2023-07-23,2023-07-27,C-8974,Grace Williams,Consumer,Central,Michigan,Furniture,Tables,Standing Desk,$220.57,1,0%,$91.32,41.4%
ORD-10413,2022-03-28,2022-03-30,C-8373,Grace Garcia,Home Office,South,Alabama,Office Supplies,Appliances,Mini Fridge,$240.43,3,20%,$75.01,31.2%
ORD-10414,2022-08-20,2022-08-22,C-1620,Jack Davis,Home Office,South,Georgia,Furniture,Tables,Side Table,"$1,857.34",9,15%,$820.27,44.2%
ORD-10415,2023-12-23,2023-12-26,C-2281,Iris Johnson,Home Office,West,Nevada,Technology,Accessories,Keyboard,$366.44,9,10%,$122.31,33.4%
ORD-10416,2022-09-09,2022-09-13,C-6431,Grace Garcia,Home Office,West,Oregon,Technology,Computers,HP Notebook,$631.29,1,30%,$193.50,30.7%
ORD-10417,2022-10-29,2022-11-01,C-1845,Eve Smith,Home Office,East,New York,Office Supplies,Storage,Filing Cabinet,$372.40,10,30%,$113.76,30.5%
ORD-10418,2022-10-21,2022-10-25,C-1232,Bob Williams,Home Office,West,Washington,Technology,Computers,MacBook Pro,"$2,586.71",3,10%,$609.26,23.6%
ORD-10419,2023-08-29,2023-09-04,C-2382,Carol Williams,Corporate,East,Florida,Technology,Computers,HP Notebook,"$3,631.92",4,0%,"$1,323.06",36.4%
ORD-10420,2023-05-23,2023-05-30,C-5331,Bob Smith,Consumer,South,Alabama,Office Supplies,Appliances,Mini Fridge,$228.89,3,15%,$99.89,43.6%
ORD-10421,2022-06-21,2022-06-25,C-8122,Alice Jones,Corporate,South,Alabama,Furniture,Tables,Conference Table,"$1,861.23",7,0%,$590.73,31.7%
ORD-10422,2023-04-05,2023-04-09,C-5375,Bob Jones,Consumer,Central,Texas,Office Supplies,Storage,Storage Bin,$625.23,10,10%,$229.00,36.6%
ORD-10423,2023-11-02,2023-11-07,C-3947,Frank Smith,Home Office,South,Alabama,Office Supplies,Paper,Copy Paper,$183.09,10,15%,$51.37,28.1%
ORD-10424,2023-11-20,2023-11-21,C-1557,Alice Johnson,Corporate,West,California,Technology,Phones,Pixel 6,"$3,266.50",8,10%,"$1,264.22",38.7%
ORD-10425,2022-02-28,2022-03-05,C-4018,Eve Jones,Home Office,East,New York,Technology,Phones,Pixel 6,"$1,375.89",3,0%,$310.95,22.6%
ORD-10426,2023-04-24,2023-04-30,C-7271,Grace Garcia,Corporate,West,Nevada,Furniture,Bookcases,3-Shelf Bookcase,$389.23,3,10%,$99.54,25.6%
ORD-10427,2022-03-03,2022-03-06,C-9857,Grace Brown,Corporate,Central,Illinois,Technology,Copiers,Canon Copier,"$2,299.78",10,30%,$972.56,42.3%
ORD-10428,2023-09-21,2023-09-27,C-1307,Henry Williams,Home Office,West,Nevada,Furniture,Chairs,Mesh Chair,$285.66,2,10%,$73.04,25.6%
ORD-10429,2023-10-31,2023-11-06,C-9039,Henry Martinez,Home Office,West,California,Furniture,Bookcases,5-Shelf Bookcase,$905.10,6,0%,$290.68,32.1%
ORD-10430,2023-02-18,2023-02-25,C-5961,Grace Smith,Consumer,West,Washington,Furniture,Furnishings,Lamp Set,$834.53,10,15%,$305.97,36.7%
ORD-10431,2023-10-10,2023-10-16,C-7294,David Jones,Home Office,West,Oregon,Furniture,Chairs,Executive Chair,"$1,027.35",5,0%,$319.90,31.1%
ORD-10432,2023-12-14,2023-12-18,C-4907,Henry Martinez,Corporate,West,Oregon,Technology,Copiers,Brother Printer,"$1,110.17",4,5%,$492.54,44.4%
ORD-10433,2022-03-06,2022-03-13,C-4468,Iris Davis,Home Office,Central,Michigan,Furniture,Chairs,Mesh Chair,$945.24,6,0%,$329.53,34.9%
ORD-10434,2023-11-26,2023-12-03,C-3138,Alice Williams,Consumer,East,Pennsylvania,Technology,Accessories,Wireless Mouse,$37.17,1,0%,$14.47,38.9%
ORD-10435,2023-10-10,2023-10-11,C-4613,Bob Brown,Corporate,Central,Texas,Office Supplies,Paper,Copy Paper,$43.84,2,0%,$18.48,42.2%
ORD-10436,2023-03-13,2023-03-16,C-2978,Eve Williams,Consumer,South,Tennessee,Office Supplies,Paper,Legal Pad,$85.96,4,0%,$31.47,36.6%
ORD-10437,2023-03-02,2023-03-04,C-1256,Henry Johnson,Corporate,Central,Illinois,Technology,Phones,iPhone 13,$868.30,2,20%,$221.92,25.6%
ORD-10438,2022-01-07,2022-01-08,C-5439,Iris Davis,Home Office,East,New York,Office Supplies,Storage,Storage Bin,$485.56,8,5%,$201.13,41.4%
ORD-10439,2023-02-26,2023-02-28,C-1074,Iris Brown,Home Office,East,New York,Technology,Copiers,Brother Printer,$652.18,2,10%,$236.77,36.3%
ORD-10440,2022-07-16,2022-07-17,C-3444,Henry Davis,Home Office,West,Oregon,Office Supplies,Paper,Legal Pad,$66.65,4,5%,$28.11,42.2%
ORD-10441,2022-06-30,2022-07-02,C-1859,Iris Williams,Home Office,West,California,Furniture,Bookcases,5-Shelf Bookcase,$566.29,7,30%,$248.70,43.9%
ORD-10442,2022-06-11,2022-06-18,C-6336,David Johnson,Home Office,West,Nevada,Technology,Phones,iPhone 13,"$3,417.14",8,15%,"$1,179.71",34.5%
ORD-10443,2022-11-30,2022-12-02,C-8141,Carol Brown,Home Office,West,Washington,Furniture,Tables,Conference Table,$618.16,4,30%,$269.77,43.6%
ORD-10444,2023-09-17,2023-09-21,C-3084,Alice Smith,Corporate,East,Florida,Technology,Copiers,Brother Printer,"$1,306.84",4,10%,$522.01,39.9%
ORD-10445,2022-10-15,2022-10-17,C-3784,Jack Brown,Corporate,West,Nevada,Furniture,Tables,Conference Table,"$1,248.88",4,0%,$315.48,25.3%
ORD-10446,2022-03-30,2022-04-03,C-8114,Jack Brown,Home Office,South,North Carolina,Furniture,Furnishings,Storage Cabinet,$100.77,1,5%,$39.10,38.8%
ORD-10447,2023-08-29,2023-08-31,C-2605,Henry Davis,Consumer,West,Nevada,Technology,Copiers,Brother Printer,"$1,993.25",9,20%,$658.14,33.0%
ORD-10448,2022-09-04,2022-09-05,C-5994,Carol Davis,Consumer,West,Nevada,Technology,Computers,MacBook Pro,"$3,880.88",4,0%,"$1,730.94",44.6%
ORD-10449,2023-08-08,2023-08-14,C-2158,Grace Garcia,Corporate,West,Nevada,Technology,Copiers,Canon Copier,"$2,173.56",6,0%,$510.58,23.5%
ORD-10450,2023-06-28,2023-06-29,C-1898,Iris Garcia,Corporate,Central,Michigan,Office Supplies,Paper,Copy Paper,$34.56,2,15%,$9.20,26.6%
ORD-10451,2022-02-22,2022-02-23,C-4354,Carol Garcia,Corporate,South,Tennessee,Office Supplies,Binders,Presentation Binder,$66.90,6,0%,$20.73,31.0%
ORD-10452,2022-09-02,2022-09-07,C-7929,Eve Smith,Home Office,West,Nevada,Office Supplies,Paper,Copy Paper,$64.44,4,10%,$20.89,32.4%
ORD-10453,2022-03-06,2022-03-09,C-7031,Bob Brown,Corporate,Central,Michigan,Office Supplies,Binders,Presentation Binder,$112.27,9,10%,$37.84,33.7%
ORD-10454,2023-04-14,2023-04-15,C-4346,Iris Smith,Consumer,West,Nevada,Furniture,Chairs,Mesh Chair,$526.05,3,0%,$171.45,32.6%
ORD-10455,2022-10-28,2022-11-01,C-4806,Iris Garcia,Corporate,East,Florida,Furniture,Furnishings,Whiteboard,$88.31,1,0%,$39.25,44.4%
ORD-10456,2023-02-26,2023-03-03,C-5259,David Davis,Corporate,Central,Ohio,Office Supplies,Appliances,Microwave,$472.50,5,10%,$192.34,40.7%
ORD-10457,2023-01-16,2023-01-19,C-3873,Carol Williams,Corporate,West,Washington,Furniture,Furnishings,Lamp Set,"$1,025.37",10,10%,$414.69,40.4%
ORD-10458,2022-09-01,2022-09-02,C-6633,Carol Garcia,Home Office,West,Oregon,Technology,Copiers,Xerox MX,"$1,791.42",6,0%,$508.07,28.4%
ORD-10459,2023-04-05,2023-04-10,C-9948,Iris Garcia,Consumer,East,Virginia,Technology,Copiers,Xerox MX,"$1,041.62",3,15%,$428.09,41.1%
ORD-10460,2023-10-25,2023-10-31,C-1656,Carol Johnson,Corporate,Central,Michigan,Office Supplies,Paper,Copy Paper,$144.32,8,0%,$38.55,26.7%
ORD-10461,2022-11-12,2022-11-13,C-4639,Eve Brown,Corporate,South,North Carolina,Furniture,Chairs,Executive Chair,$192.15,1,5%,$58.44,30.4%
ORD-10462,2022-01-24,2022-01-25,C-6915,Grace Williams,Home Office,South,Georgia,Furniture,Tables,Conference Table,"$1,682.16",6,0%,$374.93,22.3%
ORD-10463,2023-03-14,2023-03-17,C-8278,Grace Davis,Consumer,South,Tennessee,Furniture,Bookcases,3-Shelf Bookcase,$773.95,5,0%,$306.54,39.6%
ORD-10464,2022-10-23,2022-10-25,C-7156,Bob Smith,Consumer,South,Alabama,Office Supplies,Binders,Heavy Duty Binder,$40.26,4,15%,$17.45,43.3%
ORD-10465,2023-02-24,2023-03-02,C-7254,Eve Davis,Consumer,Central,Michigan,Office Supplies,Appliances,Mini Fridge,"$1,130.40",10,0%,$452.37,40.0%
ORD-10466,2022-02-13,2022-02-20,C-8742,Bob Jones,Corporate,Central,Ohio,Office Supplies,Appliances,Coffee Maker,$114.57,1,0%,$44.03,38.4%
ORD-10467,2023-03-04,2023-03-06,C-8144,Eve Davis,Consumer,South,North Carolina,Technology,Computers,MacBook Pro,"$1,617.69",2,15%,$492.96,30.5%
ORD-10468,2023-12-12,2023-12-19,C-3219,Frank Williams,Home Office,West,Oregon,Office Supplies,Binders,Presentation Binder,$40.02,3,0%,$14.81,37.0%
ORD-10469,2022-02-24,2022-02-27,C-4002,Bob Williams,Home Office,Central,Michigan,Furniture,Chairs,Executive Chair,$979.50,5,0%,$314.94,32.2%
ORD-10470,2023-07-11,2023-07-14,C-9489,Eve Garcia,Corporate,Central,Ohio,Office Supplies,Storage,File Box,$549.99,9,0%,$245.72,44.7%
ORD-10471,2023-05-12,2023-05-16,C-2251,Bob Williams,Consumer,Central,Illinois,Technology,Accessories,Keyboard,$171.40,4,0%,$59.25,34.6%
ORD-10472,2022-01-18,2022-01-22,C-5991,Alice Johnson,Home Office,Central,Ohio,Furniture,Tables,Conference Table,"$2,306.47",10,15%,$938.61,40.7%
ORD-10473,2022-08-16,2022-08-18,C-8934,Grace Smith,Corporate,East,Pennsylvania,Technology,Accessories,USB Hub,$72.88,2,0%,$31.38,43.1%
ORD-10474,2022-07-21,2022-07-22,C-3028,Jack Brown,Corporate,West,California,Technology,Computers,Dell Laptop,"$1,675.76",2,0%,$437.98,26.1%
ORD-10475,2023-08-25,2023-08-27,C-9202,Jack Brown,Consumer,East,Virginia,Technology,Accessories,Keyboard,$189.93,5,15%,$68.75,36.2%
ORD-10476,2023-06-02,2023-06-07,C-9800,Alice Johnson,Home Office,West,California,Technology,Accessories,Keyboard,$179.76,4,0%,$40.37,22.5%
ORD-10477,2022-08-08,2022-08-13,C-7948,David Brown,Home Office,South,Tennessee,Office Supplies,Paper,Legal Pad,$28.49,2,15%,$5.83,20.5%
ORD-10478,2023-02-22,2023-02-23,C-9088,Bob Martinez,Corporate,Central,Texas,Technology,Accessories,Wireless Mouse,$245.10,6,0%,$105.26,42.9%
ORD-10479,2022-10-18,2022-10-22,C-8793,Frank Williams,Consumer,Central,Michigan,Office Supplies,Appliances,Microwave,$621.74,7,0%,$140.71,22.6%
ORD-10480,2022-01-14,2022-01-20,C-3764,Bob Garcia,Corporate,South,Georgia,Furniture,Chairs,Mesh Chair,$554.94,3,0%,$146.86,26.5%
ORD-10481,2022-07-23,2022-07-26,C-7557,Frank Davis,Consumer,East,Florida,Technology,Copiers,Brother Printer,"$2,247.19",8,10%,$586.35,26.1%
ORD-10482,2023-11-14,2023-11-19,C-3205,Alice Johnson,Home Office,South,Alabama,Furniture,Tables,Conference Table,$316.75,2,30%,$103.16,32.6%
ORD-10483,2022-02-24,2022-03-03,C-2578,Bob Davis,Home Office,West,Nevada,Technology,Accessories,Wireless Mouse,$404.50,10,0%,$151.41,37.4%
ORD-10484,2023-04-23,2023-04-25,C-1517,Grace Johnson,Corporate,Central,Michigan,Office Supplies,Storage,Filing Cabinet,$400.68,6,0%,$84.89,21.2%
ORD-10485,2023-01-28,2023-02-01,C-3689,Henry Martinez,Corporate,Central,Michigan,Furniture,Chairs,Mesh Chair,$534.84,3,10%,$122.38,22.9%
ORD-10486,2022-05-18,2022-05-21,C-3560,Iris Smith,Consumer,South,Alabama,Office Supplies,Appliances,Mini Fridge,$693.31,9,30%,$229.50,33.1%
ORD-10487,2023-02-05,2023-02-08,C-7003,Frank Smith,Home Office,South,Alabama,Office Supplies,Storage,Storage Bin,$289.62,6,0%,$121.05,41.8%
ORD-10488,2023-10-03,2023-10-06,C-6113,Jack Johnson,Corporate,South,Georgia,Furniture,Bookcases,3-Shelf Bookcase,$598.78,6,5%,$232.38,38.8%
ORD-10489,2023-12-06,2023-12-07,C-7900,Eve Smith,Corporate,Central,Texas,Technology,Phones,Pixel 6,"$1,872.34",6,20%,$576.66,30.8%
ORD-10490,2023-12-14,2023-12-18,C-4373,Frank Davis,Corporate,West,Oregon,Office Supplies,Appliances,Microwave,$594.51,10,30%,$252.66,42.5%
ORD-10491,2023-05-30,2023-06-06,C-9779,David Jones,Home Office,Central,Illinois,Furniture,Bookcases,3-Shelf Bookcase,$515.36,4,0%,$123.64,24.0%
ORD-10492,2022-09-29,2022-09-30,C-9700,Henry Martinez,Consumer,Central,Michigan,Office Supplies,Binders,Ring Binder,$91.04,10,15%,$34.75,38.2%
ORD-10493,2022-08-03,2022-08-06,C-9443,Henry Williams,Home Office,West,Oregon,Furniture,Furnishings,Whiteboard,$642.17,9,20%,$224.39,34.9%
ORD-10494,2022-01-20,2022-01-26,C-1981,Iris Brown,Consumer,East,Florida,Office Supplies,Appliances,Microwave,$830.38,9,20%,$179.65,21.6%
ORD-10495,2023-01-09,2023-01-13,C-7757,Eve Jones,Consumer,East,Pennsylvania,Office Supplies,Storage,Storage Bin,$382.48,7,0%,$111.50,29.2%
ORD-10496,2023-10-24,2023-10-26,C-8145,Grace Smith,Corporate,Central,Illinois,Technology,Phones,iPhone 13,"$1,397.20",4,10%,$466.61,33.4%
ORD-10497,2022-07-26,2022-07-28,C-8960,Alice Smith,Consumer,Central,Illinois,Furniture,Bookcases,Corner Bookcase,"$1,003.50",9,0%,$209.78,20.9%
ORD-10498,2022-03-27,2022-03-30,C-9605,Eve Davis,Corporate,Central,Texas,Furniture,Chairs,Executive Chair,$516.36,3,0%,$164.98,32.0%
ORD-10499,2022-04-03,2022-04-05,C-3869,David Jones,Corporate,West,Oregon,Office Supplies,Appliances,Mini Fridge,$458.81,4,5%,$189.92,41.4%
ORD-10500,2023-03-27,2023-03-31,C-5036,Eve Williams,Corporate,Central,Texas,Office Supplies,Storage,Filing Cabinet,$87.33,2,20%,$28.93,33.1%
